state,metro,business,city,coverage,tier,network_status,active,verified,fixed_site,leads_notified_90d,leads_claimed_all,leads_booked_all,facility_keyword,contact,slug
"CA","CA (outside top metros)","Promedix Phlebotomy Services","Bakersfield","25 mi","free","directory-only","yes","yes","no","0","0","0","","admin@promedixservices.com","promedix-phlebotomy-services"
"CA","CA (no ZIP)","Passionate Hands Phlebotomy Services LLC","Benicia","","free","directory-only","no","no","no","0","0","0","","(510) 776-1275","passionate-hands-phlebotomy-services-llc"
"CA","Los Angeles, CA metro","Ponce Mobile Phlebotomy - PMP","Beverly Hills","60 mi","CHARTER_MEMBER","directory-only","yes","yes","no","45","5","0","facility","info@poncemobilephlebotomy.com","ponce-mobile-phlebotomy"
"CA","CA (no ZIP)","Phlebotomy Plus","Brentwood","","free","directory-only","no","no","no","0","0","0","","info@phlebotomyplusllc.com","phlebotomy-plus"
"CA","Los Angeles, CA metro","LovedbyOne Mobile Blood Draws & Paramedical Services","Calabasas","100 mi","free","directory-only","yes","yes","no","57","2","1","facility","mobileblooddraws@lovedbyone.co","lovedbyone-mobile-blood-draws-paramedical-services-"
"CA","Los Angeles, CA metro","RELIABLE LABS","Canoga Park","50 mi","free","directory-only","yes","yes","no","3","0","0","","info@reliablelabs.net","reliable-labs"
"CA","CA (no ZIP)","Coast Phlebotomy Services LLC","Carlsbad","","free","directory-only","no","no","no","0","0","0","","(833) 882-6278","coast-phlebotomy-services-llc"
"CA","CA (no ZIP)","North Valley Mobile Phlebotomy","Carmichael","","free","directory-only","no","no","no","0","0","0","","Info@northvalleylaboratory.com","north-valley-mobile-phlebotomy"
"CA","Sacramento, CA metro","ELS Xpress Mobile Phlebotomy, LLC","Carmichael","25 mi","free","directory-only","yes","yes","no","2","0","0","assisted living","info@elsxpressphlebotomy.com","els-xpress-mobile-phlebotomy-llc"
"CA","Long Beach, CA metro","ASB Mobile Phlebotomy Services","Cerritos","25 mi","free","directory-only","yes","yes","no","8","0","0","facilities","info@asbmobilephlebotomyservices.com","asb-mobile-phlebotomy-services-"
"CA","Los Angeles, CA metro","Gateway Mobile Phlebotomy","Culver City","15 mi","BASIC","directory-only","yes","yes","no","10","1","0","facility","labs@gatewaymobilephlebotomy.com","gateway-mobile-phlebotomy"
"CA","CA (no ZIP)","Two Executive Group LLC.","Downey","50 mi","free","directory-only","no","yes","no","35","0","0","facility","information@twoexec.com","two-executive-group-llc"
"CA","San Diego, CA metro","San Diego Mobile Lab and Phlebotomy Inc.","El Cajon","25 mi","free","directory-only","yes","yes","no","12","2","0","","office@sandiegomobilelab.com","san-diego-mobile-lab-and-phlebotomy-inc"
"CA","CA (no ZIP)","Precise Pokes Mobile Phlebotomy Service","Fairfield","","free","directory-only","no","no","no","0","0","0","","(916) 915-4669","precise-pokes-mobile-phlebotomy-service"
"CA","CA (no ZIP)","American Red Cross Solano County","Fairfield","","free","directory-only","no","no","no","0","0","0","","(707) 438-7060","american-red-cross-solano-county"
"CA","San Diego, CA metro","FDP Phlebotomy LLC","Fallbrook","100 mi","FOUNDING_PARTNER","NCA signed 2026-08-26","yes","yes","no","15","3","2","","fdpphlebotomy@gmail.com","fdp-phlebotomy-llc"
"CA","Los Angeles, CA metro","Mobile Phlebotomy Professionals LLC","Fontana","25 mi","free","directory-only","yes","yes","no","5","0","0","","darlene@mobilephlebotomyprofessionals.com","mobile-phlebotomy-professionals-llc"
"CA","CA (no ZIP)","Lord of the Veins Mobile Phlebotomy and Diagnostics LLC","Fremont","","free","directory-only","no","no","no","0","0","0","","inquiries@lordoftheveins.life","lord-of-the-veins-mobile-phlebotomy-and-diagnostic"
"CA","CA (no ZIP)","Mobile Phlebotomy Services","Glendale","","free","directory-only","no","no","no","0","0","0","","(747) 300-8050","mobile-phlebotomy-services"
"CA","CA (outside top metros)","Gentle Draw Phlebotomy LLC","Indio","100 mi","free","directory-only","no","yes","no","24","0","0","facilities","missalyssa.p.phlebotomist@gmail.com","gentle-draw-phlebotomy-llc"
"CA","CA (outside top metros)","Hollie Gabaldon","Jamestown","25 mi","free","directory-only","yes","yes","no","0","0","0","facilities","hagabaldon@gmail.com","hollie-gabaldon"
"CA","Los Angeles, CA metro","Express Tech Mobile Phlebotomy","La Crescenta","25 mi","free","directory-only","yes","no","no","0","0","0","","customer.care@expresstechphleb.com","express-tech-mobile-phlebotomy"
"CA","Los Angeles, CA metro","Premier Mobile PhlebotomyLLC","Los Angeles","25 mi","free","directory-only","yes","yes","no","32","5","0","","info@premierblooddraws.com","premier-mobile-phlebotomyllc"
"CA","CA (no ZIP)","Eze Mobile Phlebotomy Services LLC","Los Angeles","","free","directory-only","no","no","no","0","0","0","","filler@godaddy.com","eze-mobile-phlebotomy-services-llc"
"CA","CA (no ZIP)","GetBlood Mobile Phlebotomy","Los Angeles","","free","directory-only","no","no","no","0","0","0","","(323) 948-2555","getblood-mobile-phlebotomy"
"CA","CA (no ZIP)","Lab dash Mobile LLC Mobile Phlebotomy Services","Los Angeles","","free","directory-only","no","no","no","0","0","0","","(661) 714-9505","lab-dash-mobile-llc-mobile-phlebotomy-services"
"CA","Los Angeles, CA metro","Just Little Poke Mobile Phlebotomy","Manhattan Beach","20 mi","free","claim-verified","yes","yes","no","15","1","0","","info@justlittlepoke.com","just-little-poke-mobile-phlebotomy"
"CA","Los Angeles, CA metro","Tender Touch Mobile Labs","Marina Del Rey","35 mi","free","directory-only","no","yes","no","28","0","0","","info@tendertouchmobilelabs.com","tender-touch-mobile-labs"
"CA","Oakland, CA metro","Bloodline","Milpitas","60 mi","free","directory-only","yes","yes","no","7","0","0","","geraldricm@bloodlinelabs.com","bloodline"
"CA","San Diego, CA metro","THE VEIN LUXE ACADEMY, LLC","Murrieta","100 mi","free","directory-only","yes","yes","no","59","6","1","","info@veinluxe.com","vein-vixens-llc"
"CA","CA (no ZIP)","TridentCare","Novato","","free","directory-only","no","no","no","0","0","0","","","tridentcare"
"CA","CA (no ZIP)","Angels on wheels Mobile Phlebotomy","Ontario","","free","directory-only","no","no","no","0","0","0","","(424) 370-9778","angels-on-wheels-mobile-phlebotomy"
"CA","CA (no ZIP)","Anzel's Touch Mobile Phlebotomy","Riverside","","free","directory-only","no","no","no","0","0","0","","(951) 220-4166","anzel-s-touch-mobile-phlebotomy"
"CA","CA (no ZIP)","Butterfly Stick Mobile Phlebotomy","Sacramento","","free","directory-only","no","no","no","0","0","0","","(916) 889-1819","butterfly-stick-mobile-phlebotomy"
"CA","CA (no ZIP)","Mays Mobile Phlebotomy Services","Sacramento","","free","directory-only","no","no","no","0","0","0","","(916) 800-2572","mays-mobile-phlebotomy-services"
"CA","Sacramento, CA metro","Starr Mobile Blood Draw","Sacramento","40 mi","free","directory-only","yes","yes","no","4","1","0","","anna@starrmobileblooddraw.com","mobileblooddraw-"
"CA","Sacramento, CA metro","Spears Diagnostic Services LLC","Sacramento","25 mi","free","claim-verified","yes","yes","no","2","2","0","","info@spearsdiagnosticservices.com","spears-diagnostic-services-llc"
"CA","San Diego, CA metro","On Call Phlebotomy","San Diego","200 mi","free","directory-only","yes","yes","no","29","6","2","","oncallphlebotomy@gmail.com","on-call-phlebotomy-"
"CA","CA (no ZIP)","Phlebcare Mobile Lab & DNA Solutions","San Diego","","free","directory-only","no","no","no","0","0","0","","info@mobilephlebcare.com","phlebcare-mobile-lab-dna-solutions"
"CA","CA (no ZIP)","Full Service Mobile Lab Co.","San Diego","","free","directory-only","no","no","no","0","0","0","","blood@fsmobilelab.com","full-service-mobile-lab-co"
"CA","San Diego, CA metro","Direct Care Diagnostics","San Diego","25 mi","free","directory-only","yes","yes","no","6","0","0","facility","Ramon.Tojos@directcarediagnostics.com","direct-care-diagnostics"
"CA","CA (no ZIP)","EDG Mobile Phlebotomy Services","San Diego","25 mi","free","directory-only","yes","no","no","0","0","0","","eddiegaviola@gmail.com","edg-mobile-phlebotomy-services"
"CA","San Diego, CA metro","Tree of Life Lab Group","San Diego","30 mi","free","directory-only","no","yes","no","10","1","0","","info@treeoflifelabgroup.com","tree-of-life-lab-group-"
"CA","San Francisco, CA metro","Sheppard Secured Services","San Francisco","80 mi","FOUNDING_PARTNER","NCA signed 2026-09-09","yes","yes","no","6","4","3","","sss@SheppardSecuredServices.com","sheppard-secured-services"
"CA","CA (no ZIP)","BayPLS","San Francisco","","free","directory-only","no","no","no","0","0","0","","(415) 300-4436","baypls"
"CA","CA (no ZIP)","One Medical Primary Care Clinic - Four Embarcadero Center","San Francisco","","free","directory-only","no","no","yes","0","0","0","","(888) 663-6331","one-medical-primary-care-clinic-four-embarcadero-center"
"CA","CA (no ZIP)","5t's Mobile Collection Lab","San Jose","","free","directory-only","no","no","no","0","0","0","","(408) 818-9980","5t-s-mobile-collection-lab"
"CA","Oakland, CA metro","Nurturing Needle Mobile Phlebotomy","San Ramon","25 mi","free","NCA signed 2026-08-08","yes","yes","no","3","2","0","","nurturingneedlemobile@gmail.com","nurturing-needle-mobile-phlebotomy-"
"CA","CA (no ZIP)","Bevel-up Mobile Phleb","San Ramon","","free","directory-only","no","no","no","0","0","0","","mobilephleb@bevel-up.net","bevel-up-mobile-phleb"
"CA","CA (no ZIP)","The Phleb Mobile Phlebotomy Services","Santa Barbara","","free","directory-only","no","no","no","0","0","0","","","the-phleb-mobile-phlebotomy-services"
"CA","CA (no ZIP)","Quanta Laboratories","Santa Clara","","free","directory-only","no","no","no","0","0","0","","(408) 988-0770","quanta-laboratories"
"CA","CA (no ZIP)","Health Top Tier- Mobile Phlebotomy Services","Santa Monica","","free","directory-only","no","no","no","0","0","0","","info@healthtoptier.com","health-top-tier-mobile-phlebotomy-services"
"CA","Los Angeles, CA metro","Premier Mobile Labs","Santa Paula","25 mi","free","directory-only","yes","yes","no","0","0","0","","premierlabs@myyahoo.com","premier-mobile-labs"
"CA","San Francisco, CA metro","Bayford Health","South San Francisco","100 mi","FOUNDING_PARTNER","NCA signed 2026-09-09","yes","yes","no","9","7","3","","info@bayfordmobilemed.com","bayford-mobile-medical-services"
"CA","Sacramento, CA metro","Famlinc Mobile Labs LLC","Stockton","40 mi","free","directory-only","yes","yes","no","5","1","0","senior living","crystal@famlincmobilelabs.com","famlinc-mobile-labs-llc"
"CA","San Diego, CA metro","Phlebotomy In Motion","Temecula","30 mi","free","directory-only","yes","yes","no","4","1","1","assisted living","silviann@phlebotomyinmotion.com","phlebotomy-in-motion"
"CA","Los Angeles, CA metro","A & A Mobile Phlebotomy","Valencia","40 mi","BASIC","directory-only","yes","yes","no","33","2","0","","amandaponders@gmail.com","a-a-mobile-phlebotomy"
"CA","CA (no ZIP)","Nicks Mobile Lab LLC","Walnut Creek","","free","directory-only","no","no","no","0","0","0","","(925) 279-4679","nicks-mobile-lab-llc"
"CA","CA (no ZIP)","The Vein Draw Phleb Mobile Phlebotomy Service","Walnut Creek","","free","directory-only","no","no","no","0","0","0","","avacls@theveindrawphleb.com","the-vein-draw-phleb-mobile-phlebotomy-service"
"CA","Los Angeles, CA metro","VIP Blood Draw Services LLC","West Hollywood","25 mi","free","directory-only","yes","yes","no","27","2","0","","VIPBloodDrawServices@gmail.com","vip-blood-draw-services-llc"
"CA","CA (no ZIP)","VeAr Mobile Phlebotomy","","","free","directory-only","no","no","no","0","0","0","","contact@vearmobile.com","vear-mobile-phlebotomy"
"CA","CA (no ZIP)","Mobile Phlebotomy Services in Ventura County","","","free","directory-only","no","no","no","0","0","0","","(833) 324-6235","mobile-phlebotomy-services-in-ventura-county"
"CA","CA (no ZIP)","Patient Service Center","","","free","directory-only","no","no","no","0","0","0","","(732) 612-3922","patient-service-center"
"CA","CA (no ZIP)","Needles on Wheels Mobile Phlebotomy","","","free","directory-only","no","no","no","0","0","0","","servicesupport@needlesonwheels.com","needles-on-wheels-mobile-phlebotomy"
"CA","CA (no ZIP)","Sprinter Health","","","free","directory-only","no","no","no","0","0","0","","help@sprinterhealth.com","sprinter-health"
"CA","CA (no ZIP)","Vital Veins Mobile Phlebotomy","","","free","directory-only","no","no","no","0","0","0","","(707) 890-2377","vital-veins-mobile-phlebotomy"
"CA","CA (no ZIP)","RMV Mobile Phlebotomy","","","free","directory-only","no","no","no","0","0","0","","admin@rmvmobilephlebotomy.com","rmv-mobile-phlebotomy"
"CA","CA (no ZIP)","Accu Phleb","","25 mi","free","directory-only","yes","no","no","0","0","0","","Accuphleb@gmail.com","accu-phleb"
"CA","CA (no ZIP)","Brentwood Center Lab","","","free","directory-only","no","no","no","0","0","0","","(510) 204-1920","brentwood-center-lab"
"CA","CA (no ZIP)","ARCpoint Labs of San Rafael","","","free","directory-only","no","no","no","0","0","0","","(415) 475-4620","arcpoint-labs-of-san-rafael"
"CA","CA (no ZIP)","Mobile Med Services","","","free","directory-only","no","no","no","0","0","0","","(925) 871-8279","mobile-med-services"
"CA","CA (no ZIP)","PhlebotXpress, LLC","","","free","directory-only","no","no","no","0","0","0","","appointments@phlebotxpress.com","phlebotxpress-llc"
"CA","CA (no ZIP)","Drawn To You Phlebotomy Care & More","","","free","directory-only","no","no","no","0","0","0","","(805) 391-4756","drawn-to-you-phlebotomy-care-more"
"CA","CA (no ZIP)","Rohnert Park Center Lab","","","free","directory-only","no","no","no","0","0","0","","(707) 588-3020","rohnert-park-center-lab"
"CA","CA (no ZIP)","Walls Phlebotomy","","","free","directory-only","no","no","no","0","0","0","facilities","(916) 741-2944","walls-phlebotomy"
"CA","CA (no ZIP)","BioSpecimen Solutions Inc","","","free","directory-only","no","no","no","0","0","0","","(877) 816-3521","biospecimen-solutions-inc"
"CA","CA (no ZIP)","Labs2You Mobile Phlebotomy","","","free","directory-only","no","no","no","0","0","0","","(209) 594-7076","labs2you-mobile-phlebotomy"
"CA","CA (no ZIP)","Watsonville Center Lab","","","free","directory-only","no","no","no","0","0","0","","(831) 462-7110","watsonville-center-lab"
"CA","CA (no ZIP)","From the Heart Mobile Phlebotomy LLC","","","free","directory-only","no","no","no","0","0","0","","info@fromtheheartmobilelabs.com","from-the-heart-mobile-phlebotomy-llc"
"CA","CA (no ZIP)","At Home Mobile Phlebotomy","","","free","directory-only","no","no","no","0","0","0","","athomemobilephlebotomy@gmail.com","at-home-mobile-phlebotomy"
"CA","CA (no ZIP)","Arms & Tourniquets LLC","","","free","directory-only","no","no","no","0","0","0","","filler@godaddy.com","arms-tourniquets-llc"
"CA","CA (no ZIP)","EZ Draw Mobile Phlebotomy","","","free","directory-only","no","no","no","0","0","0","","(714) 679-7064","ez-draw-mobile-phlebotomy"
"CA","CA (no ZIP)","Laboratory Services Mountain View - El Camino Health","","","free","directory-only","no","no","no","0","0","0","","(650) 940-7022","laboratory-services-mountain-view-el-camino-health"
"CA","CA (no ZIP)","valley mobile phlebotomy","","","free","directory-only","no","no","no","0","0","0","","valleymobilephleb@gmail.com","valley-mobile-phlebotomy"
"CA","CA (no ZIP)","TravaLab","","","free","directory-only","no","no","no","0","0","0","","(800) 921-6933","travalab"
"CA","CA (no ZIP)","Onsite Phlebotomy Solutions","","","free","directory-only","no","no","no","0","0","0","","info@onsitephlebotomysolutions.com","onsite-phlebotomy-solutions"
"CA","CA (no ZIP)","All Access Healthcare","","","free","directory-only","no","no","no","0","0","0","","(888) 341-9098","all-access-healthcare"
"FL","FL (outside top metros)","Premier Draw Concierge Phlebotomy LLC","Alva","50 mi","free","directory-only","yes","yes","no","5","0","0","","tracir@premierdrawconcierge.com","premier-draw-concierge-phlebotomy-llc"
"FL","FL (outside top metros)","VitalCare Mobile Phlebotomy","Apopka","25 mi","free","directory-only","yes","yes","no","3","0","0","facilities","sendelyne47j@gmail.com","-vitalcare-mobile-phlebotomy"
"FL","Miami, FL metro","Pink Mobile Labs & Diagnostics","Aventura","60 mi","free","directory-only","yes","yes","no","20","2","2","","scheduling@pinkmobilelabs.com","pink-mobile-labs-diagnostics"
"FL","FL (outside top metros)","Rooted Care Mobile Phlebotomy","Babcock Ranch","35 mi","free","directory-only","yes","no","no","0","0","0","facility","Info@rootedcaremobilephlebotomy.com","rooted-care-mobile-phlebotomy"
"FL","Miami, FL metro","Healthyrouteslogisticsllc@gmail.com","Boca Raton","100 mi","free","directory-only","no","yes","no","0","2","0","","healthyrouteslogisticsllc@gmail.com","healthyrouteslogisticsllcgmailcom"
"FL","Miami, FL metro","Minustouchmobilephlebotomyservices.health","Boca Raton","50 mi","free","directory-only","yes","no","no","0","1","0","","karlyne@minustouchmobilephlebotomyservices.health","minustouchmobilephlebotomyservices-health"
"FL","FL (no ZIP)","Bloom Direct Primary Care","Bonita Springs","","free","directory-only","no","no","no","0","0","0","","admin@bloomdirectprimarycare.com","bloom-direct-primary-care"
"FL","FL (no ZIP)","VENI SOLUTIONS MOBILE PHLEBOTOMY","Boynton Beach","","free","directory-only","no","no","no","0","0","0","","(561) 710-0624","veni-solutions-mobile-phlebotomy"
"FL","Miami, FL metro","Veni Solutions","Boynton Beach","25 mi","free","directory-only","yes","yes","no","2","0","0","facilities","info@venisolutions.com","veni-solutions-"
"FL","FL (outside top metros)","The Vein Charmer, LLC","Cape Coral","50 mi","free","directory-only","no","yes","no","0","0","0","facilities","theveincharmerllc@gmail.com","the-vein-charmer-llc"
"FL","FL (outside top metros)","E&W mobile labs llc","Cape Coral","75 mi","free","directory-only","yes","yes","no","7","2","1","assisted living","ewmobile@yahoo.com","ew-mobile-labs-llc"
"FL","FL (no ZIP)","Cape Coral Technical College","Cape Coral","","free","directory-only","no","no","no","0","0","0","","(239) 574-4440","cape-coral-technical-college"
"FL","FL (outside top metros)","24 Hour Labs Factory LLc","Cocoa","50 mi","free","directory-only","yes","yes","no","9","0","0","","transitionme@24hourlabsfactoryinfo.com","24-hour-labs-factory-llc"
"FL","FL (no ZIP)","Angel Touch Mobile Phlebotomy Services LLC","Coral Springs","","free","directory-only","no","no","no","0","0","0","","(716) 708-3788","angel-touch-mobile-phlebotomy-services-llc"
"FL","FL (no ZIP)","Any Lab Test Now with Arcpoint Labs","Coral Springs","","free","directory-only","no","no","no","0","0","0","","(954) 906-5983","any-lab-test-now-with-arcpoint-labs"
"FL","FL (no ZIP)","Medi Check Direct","Crestview","","free","directory-only","no","no","no","0","0","0","","staff@medicheckdirect.com","medi-check-direct"
"FL","Miami, FL metro","MERAKI Mobile phlebotomist","Cutler Bay","25 mi","free","directory-only","yes","yes","no","19","1","0","facility","merakiphlebotomy@gmail.com","meraki-mobile-phlebotomist-"
"FL","FL (outside top metros)","Hands That Care Mobile Phlebotomy","Daytona Beach","60 mi","free","directory-only","yes","no","no","0","0","0","","info@handsthatcaremobilephlebotomy.com","hands-that-care-mobile-phlebotomy"
"FL","FL (no ZIP)","Cell Science Systems","Deerfield Beach","","free","directory-only","no","no","no","0","0","0","","info@cellsciencesystems.com","cell-science-systems"
"FL","FL (no ZIP)","Apex Laboratory, Inc.","Delray Beach","","free","directory-only","no","no","no","0","0","0","","(561) 279-1852","apex-laboratory-inc"
"FL","Miami, FL metro","Mobile Phlebotomy Services FL","Fort Lauderdale","75 mi","free","directory-only","yes","no","no","0","0","0","","Info@phlebotomy2go.com","mobile-phlebotomy-services-fl"
"FL","FL (no ZIP)","Busy B Mobile Phlebotomy","Fort Lauderdale","","free","directory-only","no","no","no","0","0","0","","(954) 480-3585","busy-b-mobile-phlebotomy"
"FL","Miami, FL metro","RushLine Health LLC","Fort Lauderdale","25 mi","free","directory-only","yes","yes","no","5","1","0","assisted living","rushlinehealthllc@gmail.com","rushline-health-llc"
"FL","FL (no ZIP)","Hi Doc Medical Center | Physicals | Weight","Fort Lauderdale","","free","directory-only","no","no","yes","0","0","0","","info@hidocmedical.com","hi-doc-medical-center-physicals-weight"
"FL","FL (no ZIP)","Phlebotek Solutions","Fort Lauderdale","","free","directory-only","no","no","no","0","0","0","","(224) 400-6051","phlebotek-solutions"
"FL","FL (no ZIP)","Chancellor Institute","Fort Lauderdale","","free","directory-only","no","no","no","0","0","0","","(954) 400-0620","chancellor-institute"
"FL","Miami, FL metro","Speedy Mobile Phlebotomy","Fort Lauderdale","50 mi","free","directory-only","yes","no","no","0","0","0","","SMPofFlorida@gmail.com","speedy-mobile-phlebotomy"
"FL","FL (no ZIP)","MyTest Diagnostics","Fort Myers","","free","directory-only","no","no","no","0","0","0","","(239) 935-7775","mytest-diagnostics"
"FL","FL (outside top metros)","Pleasant Stick Mobile Lab","Fort Myers","60 mi","BASIC","directory-only","yes","yes","no","5","0","0","","schedulingps@pleasantstick.com","pleasant-stick-mobile-lab"
"FL","FL (outside top metros)","AccessVein Mobile Phlebotomy","Fort Myers","40 mi","free","directory-only","yes","yes","no","0","0","0","","labs@accessvein.com","accessvein-mobile-phlebotomy"
"FL","FL (no ZIP)","K&E Medical Training Center","Fort Myers","","free","directory-only","no","no","no","0","0","0","","(239) 206-1967","k-e-medical-training-center"
"FL","FL (outside top metros)","Premier Mobile Phlebotomy","Fort Myers","25 mi","free","directory-only","no","no","no","0","0","0","facility","Premiermobilephlebotomy@outlook.com","premier-mobile-phlebotomy"
"FL","FL (no ZIP)","Expert Mobile Blood Draws","Fort Myers","","free","directory-only","no","no","no","0","0","0","","(239) 292-7626","expert-mobile-blood-draws"
"FL","FL (outside top metros)","Secure Labs","Fort Pierce","25 mi","free","directory-only","yes","yes","no","1","1","0","","securelabsllc@gmail.com","secure-labs-"
"FL","FL (outside top metros)","P.A.W'S Phlebotomy Service llc","Gainesville","25 mi","free","directory-only","yes","yes","no","0","0","0","","paw19651@gmail.com","paws-phlebotomy-service-llc-"
"FL","Miami, FL metro","FL Mobile Blood Draw Miami LLC","Hialeah","20 mi","free","directory-only","yes","yes","no","11","0","0","","info@fldrawcare.com","fl-mobile-blood-draw-miami-llc"
"FL","Miami, FL metro","GENESIS MOBILE LABS SERVICES LLC","Hialeah","25 mi","free","directory-only","no","yes","no","22","0","0","","genesismobilelabsservicesllc@gmail.com","genesis-mobile-labs-services-llc"
"FL","FL (no ZIP)","Hollywood Career Institute","Hollywood","","free","directory-only","no","no","no","0","0","0","","info@hollywoodcareerinstitute.com","hollywood-career-institute"
"FL","Jacksonville, FL metro","Faithful Hands","Jacksonville","25 mi","free","directory-only","yes","yes","no","3","0","0","facility","mizzaustin@yahoo.com","faithful-hands-"
"FL","Jacksonville, FL metro","PHLEXA Health","Jacksonville","50 mi","free","directory-only","yes","yes","no","0","0","0","","info@phlexahealth.com","phlexa-health"
"FL","FL (no ZIP)","Labcare Express Mobile Phlebotomy Services","Jacksonville","","free","directory-only","no","no","no","0","0","0","","info@expressmobilephlebotomy.com","labcare-express-mobile-phlebotomy-services"
"FL","Jacksonville, FL metro","SYNERGY DIAGNOSTIC LAB","Jacksonville","50 mi","free","directory-only","yes","yes","no","3","1","1","assisted living","contactus@synergydiagnosticlab.com","synergy-diagnostic-lab"
"FL","Jacksonville, FL metro","Miley’s Loving Touch OnSite Diagnostics","Jacksonville","50 mi","free","directory-only","yes","yes","no","3","0","0","","mltonsitediagnostics@gmail.com","mileys-loving-touch-onsite-diagnostics-"
"FL","FL (outside top metros)","Quality Phlebotomy LLC","Jasper","50 mi","free","directory-only","yes","yes","no","4","0","0","nursing home","qualityphlebotomy@yahoo.com","quality-phlebotomy-llc"
"FL","FL (no ZIP)","Access Medical Laboratories","Jupiter","","free","directory-only","no","no","no","0","0","0","","(866) 720-8386","access-medical-laboratories"
"FL","FL (no ZIP)","Island Life Phlebotomy","Key Largo","","free","directory-only","no","no","no","0","0","0","","(305) 879-9077","island-life-phlebotomy"
"FL","FL (no ZIP)","BLOODLNK LLC","Key West","","free","directory-only","no","no","no","0","0","0","","(866) 932-1097","bloodlnk-llc"
"FL","Jacksonville, FL metro","Elite Laboratory Service","Lake City","50 mi","free","directory-only","yes","yes","no","0","0","0","facilities","services@elitelabservice.com","elite-laboratory-service-"
"FL","Jacksonville, FL metro","ELITE LABS AND MORE","Lake City","25 mi","free","directory-only","yes","yes","no","4","0","0","","info@elitelabsorg.com","elite-labs-and-more"
"FL","Jacksonville, FL metro","Faithful Flow Testing Agency LLC","Lake City","60 mi","free","directory-only","yes","yes","no","0","0","0","","faithfulflowtesting@gmail.com","faithful-flow-testing-agency-llc"
"FL","Miami, FL metro","E-Lab Rapid Results","Lake Worth","50 mi","free","directory-only","yes","yes","no","5","2","0","","ELABRESULT@GMAIL.COM","e-lab-rapid-results"
"FL","FL (outside top metros)","Labsblood Services LLC","Lehigh Acres","25 mi","free","directory-only","yes","yes","no","0","0","0","facilities","info@labsblood.com","labsblood-services-llc"
"FL","FL (outside top metros)","Onsite Mobile Lab Services LLC","Lehigh Acres","25 mi","free","directory-only","yes","yes","no","5","2","0","assisted living","onsitemobilelabservice@gmail.com","onsite-mobile-lab-services-llc"
"FL","FL (no ZIP)","Mobile Labsblood Services LLC","Lehigh Acres","","free","directory-only","no","no","no","0","0","0","","(239) 483-5311","mobile-labsblood-services-llc"
"FL","FL (no ZIP)","Gentle Touch Laboratory","Live Oak","","free","directory-only","no","no","no","0","0","0","","info@gentletouchfl.com","gentle-touch-laboratory"
"FL","FL (no ZIP)","Meraki Exclusive Phlebotomy Mobile Service","Miami","","free","directory-only","no","no","no","0","0","0","","(305) 434-6843","meraki-exclusive-phlebotomy-mobile-service"
"FL","Miami, FL metro","Oasis Phlebotomy","Miami","50 mi","free","directory-only","yes","no","no","0","0","0","","info@oasisphlebotomy.com","oasis-phlebotomy"
"FL","FL (no ZIP)","CRCS Mobile Health, LLC","Miami","","free","directory-only","no","no","no","0","0","0","","(786) 654-8131","crcs-mobile-health-llc"
"FL","FL (no ZIP)","Elite Phlebotomy Service","Miami","","free","directory-only","no","no","no","0","0","0","","(786) 424-8595","elite-phlebotomy-service"
"FL","FL (no ZIP)","Quick Lab Mobile","Miami","","free","directory-only","no","no","no","0","0","0","","info@quicklabmobile.com","quick-lab-mobile"
"FL","FL (no ZIP)","Mobile Home Care Phlebotomy","Naples","","free","directory-only","no","no","no","0","0","0","","(954) 440-5830","mobile-home-care-phlebotomy"
"FL","FL (outside top metros)","Express Mobile Phlebotomy","Naples","50 mi","free","directory-only","yes","yes","no","5","0","0","","info@expressmobilephlebotomy.com","express-mobile-phlebotomy"
"FL","FL (no ZIP)","Millennium Physician Group - Naples Lab","Naples","","free","directory-only","no","no","no","0","0","0","","(239) 430-5571","millennium-physician-group-naples-lab"
"FL","FL (outside top metros)","ON-SITE MOBILE PHLEBOTOMY LLC","Naples","25 mi","free","directory-only","yes","yes","no","2","0","0","facility","onsitemp@yahoo.com","on-site-mobile-phlebotomy-llc"
"FL","FL (outside top metros)","PhlebCares Mobile Phlebotomy","Naples","","free","claim-verified","yes","yes","no","2","0","0","nursing home","Info@phlebcares.com","phleb-cares-mobile-phlebotomy-1"
"FL","FL (outside top metros)","Phleb Cares Mobile Phlebotomy","Naples","25 mi","free","directory-only","yes","yes","no","2","0","0","nursing home","info@phlebcares.com","phleb-cares-mobile-phlebotomy"
"FL","FL (outside top metros)","ProntoLab Mobile Phlebotomy Service","Naples","50 mi","free","directory-only","yes","yes","no","5","0","0","facility","prontolabmps@outlook.com","prontolab-mobile-phlebotomy-service-"
"FL","FL (outside top metros)","Steve’s Gentle Touch Phlebotomy and Specimen Collection, LLC","Nokomis","50 mi","CHARTER_MEMBER","directory-only","yes","yes","no","6","0","0","","Steven.Taylor@stevesgentletouch.com","steves-gentle-touch-phlebotomy-and-specimen-collection-llc"
"FL","Miami, FL metro","healthyrouteslogisticsllc","Oakland Park","25 mi","free","directory-only","yes","yes","no","5","1","0","","healthyRoutesLogisticsLLC@gmail.com","healthyrouteslogisticsllc"
"FL","FL (no ZIP)","ConveLabs Mobile Lab Services","Orlando","","free","directory-only","no","no","no","0","0","0","","(941) 527-9169","convelabs-mobile-lab-services"
"FL","FL (no ZIP)","Angel Hands Mobile Phlebotomy Services, LLC","Orlando","","free","directory-only","no","no","no","0","0","0","","(321) 878-7917","angel-hands-mobile-phlebotomy-services-llc"
"FL","FL (outside top metros)","DrawVera Mobile Labs","Orlando","30 mi","free","directory-only","yes","yes","no","1","0","0","","info@drawveramobilelabs.com","drawvera-mobile-labs"
"FL","FL (outside top metros)","AccuDraw Mobile Phlebotomy & Courier","Ormond Beach","100 mi","free","directory-only","yes","yes","no","20","13","8","assisted living","booking@accudrawlab.com","accudraw-mobile-phlebotomy-courier"
"FL","FL (outside top metros)","Minustouchmobilephlebotomyservices","Palm Beach","25 mi","free","directory-only","yes","yes","no","2","0","0","","karlyne64@gmail.com","minustouchmobilephlebotomyservices-"
"FL","FL (outside top metros)","Max’s CPR And Medical Training LLC","Panama City","100 mi","free","directory-only","yes","yes","no","2","1","0","","maxinechapp@icloud.com","maxs-cpr-and-medical-training-llc"
"FL","FL (no ZIP)","Any Lab Test Now","Panama City","","free","directory-only","no","no","no","0","0","0","","(850) 200-0180","any-lab-test-now"
"FL","FL (no ZIP)","Patel Labs - Quest","Panama City Beach","","free","directory-only","no","no","no","0","0","0","","patellabs850@gmail.com","patel-labs-quest"
"FL","FL (outside top metros)","Healthy24care Mobile Phlebotomy","Port Saint Lucie","25 mi","free","directory-only","yes","yes","no","1","0","0","assisted living","mobilephlebotomy@healthy24care.com","healthy24care-mobile-phlebotomy"
"FL","FL (outside top metros)","Yala Diagnostics LLC","Port Saint Lucie","75 mi","free","directory-only","yes","yes","no","4","0","0","","yaladiagnostics@mail.com","yala-diagnostics-llc"
"FL","FL (outside top metros)","BGRP Labs","Quincy","75 mi","free","directory-only","yes","yes","no","2","0","0","","geniarenay@yahoo.com","bgrp-labs"
"FL","FL (outside top metros)","Inspiring Medical services","Riverview","25 mi","free","directory-only","yes","yes","no","0","0","0","","inspiringmedicalservices@gmail.com","inspiring-medical-services-"
"FL","FL (outside top metros)","Bloodborne Sisters, LLC","Saint Cloud","100 mi","free","directory-only","yes","yes","no","30","3","1","assisted living","cynthia@bloodbornesisters.com","bloodborne-sisters-llc"
"FL","Jacksonville, FL metro","Ready Stat Go Mobile Services LLC","Saint Johns","25 mi","free","directory-only","yes","yes","no","2","0","0","assisted living","info@rsgms.com","ready-stat-go-mobile-services-llc"
"FL","FL (no ZIP)","Gifted Hands Phlebotomy Llc","Tallahassee","","free","directory-only","no","no","no","0","0","0","","giftedhandsphlebotomy@gmail.com","gifted-hands-phlebotomy-llc"
"FL","FL (no ZIP)","Jet Medical Center - Tallahassee","Tallahassee","","free","directory-only","no","no","yes","0","0","0","","(850) 889-1234","jet-medical-center-tallahassee"
"FL","FL (outside top metros)","Safe-blood","Tampa","40 mi","free","directory-only","yes","yes","no","9","0","0","","kastewwy@gmail.com","safe-blood-"
"FL","FL (outside top metros)","ClearPath Employment and DOT Compliance","Tampa","100 mi","free","directory-only","yes","yes","no","6","0","0","","info@clearpathscreeninginc.com","clearpath-employment-and-dot-compliance"
"FL","FL (outside top metros)","Stat mobile phlebotomy","Tampa","50 mi","free","directory-only","yes","yes","no","0","0","0","","hodan_elmi@yahoo.com","stat-mobile-phlebotomy-"
"FL","FL (outside top metros)","EZPHLEB LLC","Tampa","25 mi","free","directory-only","yes","yes","no","9","3","2","assisted living","care@ezphleb.com","ezphleb-llc"
"FL","FL (no ZIP)","DELICATELY TOUCHED LLC Mobile Phlebotomy","West Palm Beach","","free","directory-only","no","no","no","0","0","0","","(561) 853-5389","delicately-touched-llc-mobile-phlebotomy"
"FL","FL (no ZIP)","KM Professional Mobile Phlebotomy","West Palm Beach","","free","directory-only","no","no","no","0","0","0","","(561) 907-1619","km-professional-mobile-phlebotomy"
"FL","FL (no ZIP)","Encore Medical Research of Weston LLC","Weston","","free","directory-only","no","no","no","0","0","0","","contact@encoremedicalresearch.com","encore-medical-research-of-weston-llc"
"FL","FL (no ZIP)","Gifted Hands Mobile Phlebotomy Llc","","","free","directory-only","no","no","no","0","0","0","","admin@giftedhandsmobilephlebotomyllc.com","gifted-hands-mobile-phlebotomy-llc"
"FL","FL (no ZIP)","Sanguis health mobile phlebotomy","","","free","directory-only","no","no","no","0","0","0","","(954) 696-6980","sanguis-health-mobile-phlebotomy"
"FL","FL (no ZIP)","A&M Labs & Wellness & Mobile Services","","","free","directory-only","no","no","no","0","0","0","","Amp@amphlebotomy.com","a-m-labs-wellness-mobile-services"
"FL","FL (no ZIP)","NR Mobile Labs","","","free","directory-only","no","no","no","0","0","0","","schedule@NRMOBILElabs.com","nr-mobile-labs"
"FL","FL (no ZIP)","VAMP Veteran Accuracy Mobile Phlebotomy","","","free","directory-only","no","no","no","0","0","0","","(813) 578-8865","vamp-veteran-accuracy-mobile-phlebotomy"
"FL","FL (no ZIP)","OneBlood","","","free","directory-only","no","no","yes","0","0","0","","(850) 785-9398","oneblood"
"FL","FL (no ZIP)","Lab Express","","","free","directory-only","no","no","no","0","0","0","","info@labexpressservices.com","lab-express"
"FL","FL (no ZIP)","SMH Care Center at Clark Road","","","free","directory-only","no","no","no","0","0","0","","(941) 917-5111","smh-care-center-at-clark-road"
"FL","FL (no ZIP)","A Gentle Touch Inc","","","free","directory-only","yes","no","no","0","0","0","","travel@phlebprovider.com","a-gentle-touch-inc"
"FL","FL (no ZIP)","Radiant Recharge","","","free","directory-only","no","no","no","0","0","0","","(772) 837-0500","radiant-recharge"
"FL","FL (no ZIP)","Superior Care Mobile Phlebotomy LLC","","","free","directory-only","no","no","no","0","0","0","","Info@superiorcaremobile.com","superior-care-mobile-phlebotomy-llc"
"IL","IL (no ZIP)","Caring Touch Phlebotomy","Chicago","","free","directory-only","no","no","no","0","0","0","","(630) 259-2677","caring-touch-phlebotomy"
"IL","Chicago, IL metro","Chicagoland Mobile Phlebotomy","Chicago","25 mi","free","directory-only","yes","yes","no","12","1","0","","info@chicagolandmobilephlebotomy.com","chicagoland-mobile-phlebotomy"
"IL","Chicago, IL metro","Vena Pro Solutions LLC","Chicago","50 mi","free","directory-only","no","yes","no","18","0","0","","info@venaprosolutions.com","vena-pro-solutions-llc"
"IL","IL (no ZIP)","Lee & Associates Mobile Phlebotomy, L.L.C.","Chicago","","free","directory-only","no","no","no","0","0","0","","(708) 390-8066","lee-associates-mobile-phlebotomy-l-l-c"
"IL","Chicago, IL metro","Doorstep Draw","Chicago","25 mi","free","directory-only","yes","yes","no","14","4","1","facility","doorstepdraw@gmail.com","doorstep-draw"
"IL","IL (no ZIP)","Northwestern Medicine Laboratory Services Crystal Lake","Crystal Lake","","free","directory-only","no","no","yes","0","0","0","","(630) 933-2633","northwestern-medicine-laboratory-services-crystal-lake"
"IL","IL (no ZIP)","Insurance Physical Services / In-Home Phlebotomy services","Elgin","","free","directory-only","no","no","no","0","0","0","","(224) 227-7675","insurance-physical-services-in-home-phlebotomy-services"
"IL","IL (no ZIP)","Stat Mobile Phlebotomy Laboratory","Gurnee","","free","directory-only","no","no","no","0","0","0","","(872) 813-4712","stat-mobile-phlebotomy-laboratory"
"IL","Chicago, IL metro","Senior Support Services LLC","Gurnee","50 mi","free","directory-only","no","yes","no","0","0","0","","seniorsupports@gmail.com","senior-support-services-llc"
"IL","IL (no ZIP)","Trilab Health - Diagnostics","Highland Park","","free","directory-only","no","no","no","0","0","0","","(847) 474-5391","trilab-health-diagnostics"
"IL","IL (outside top metros)","Arfm llc/ Any Lab test now","Loves Park","25 mi","free","directory-only","yes","yes","no","1","1","1","","fbhalavat@anylabtestnow.com","arfm-llc-any-lab-test-now"
"IL","Chicago, IL metro","LABS2GO","Lynwood","25 mi","free","directory-only","yes","yes","no","4","0","0","","barnera@labs2gochi.com","labs2go-"
"IL","Chicago, IL metro","FlashDrive Mobile Phlebotomy INC","Montgomery","20 mi","free","directory-only","yes","yes","no","7","2","1","","pwishecoby@gmail.com","flashdrive-mobile-phlebotomy-inc"
"IL","Chicago, IL metro","NovaQuest Diagnostics","Richton Park","40 mi","free","directory-only","no","yes","no","14","0","0","","novaquestdiagnostics@gmail.com","novaquest-diagnostics-"
"IL","Chicago, IL metro","Inspire One Collections","South Holland","25 mi","free","directory-only","yes","yes","no","4","0","0","","info@inspiretestingllc.com","inspire-one-collections"
"IL","Chicago, IL metro","Stats Phlebotomy and Drug Testing","University Park","60 mi","free","directory-only","yes","yes","no","18","2","1","facility","statspdt@gmail.com","stats-phlebotomy-and-drug-testing"
"IL","IL (no ZIP)","STAT MOBILE PHLEBOTOMY AND LABORATORY LLC","Waukegan","","free","directory-only","no","no","no","0","0","0","","(872) 813-4712","stat-mobile-phlebotomy-and-laboratory-llc"
"IL","IL (no ZIP)","VIP Labs","","","free","directory-only","no","no","no","0","0","0","","(708) 852-3171","vip-labs"
"IL","IL (no ZIP)","NICL Laboratories - McHenry","","","free","directory-only","no","no","no","0","0","0","facilities","(815) 578-1547","nicl-laboratories-mchenry"
"IL","IL (no ZIP)","Veinpire, Mobile Phlebotomy Services & Training","","","free","directory-only","no","no","no","0","0","0","","filler@godaddy.com","veinpire-mobile-phlebotomy-services-training"
"IL","IL (no ZIP)","STAT LABORATORY","","","free","directory-only","no","no","no","0","0","0","","(708) 608-8948","stat-laboratory"
"IL","IL (no ZIP)","Stars Academy School Of Phlebotomy","","","free","directory-only","no","no","no","0","0","0","","STARS_ACADEMY@YAHOO.COM","stars-academy-school-of-phlebotomy"
"IL","IL (no ZIP)","Northwestern Medicine Laboratory Services Huntley","","","free","directory-only","no","no","yes","0","0","0","","(630) 933-2633","northwestern-medicine-laboratory-services-huntley"
"IL","IL (no ZIP)","NICL Laboratories","","","free","directory-only","no","no","no","0","0","0","facilities","(847) 509-9779","nicl-laboratories"
"IL","IL (no ZIP)","Flash Drive Mobile Phlebotomy","","","free","directory-only","no","no","no","0","0","0","","(331) 725-2755","flash-drive-mobile-phlebotomy"
"KY","KY (outside top metros)","Grit & Grace Mobile Lab Diagnostics","Ashland","25 mi","free","directory-only","yes","yes","no","0","0","0","","hannershanner@yahoo.com","grit-grace-mobile-lab-diagnostics-"
"KY","KY (no ZIP)","Mobile phlebotomy plus LLC","Benton","","free","directory-only","no","no","no","0","0","0","","(270) 205-5008","mobile-phlebotomy-plus-llc"
"KY","KY (no ZIP)","APPS Paramedical of Lexington","Lexington","","free","directory-only","no","no","no","0","0","0","","(859) 554-5006","apps-paramedical-of-lexington"
"KY","Louisville, KY metro","Lovely Veins Holistic Laboratory LLC","Louisville","70 mi","free","directory-only","yes","yes","no","0","0","0","","lovelyveinsholisticlab@outlook.com","lovely-veins-holistic-laboratory-llc"
"KY","Louisville, KY metro","Safe care lab and Testing LLC","Louisville","50 mi","free","directory-only","yes","yes","no","0","0","0","","safecare@safecareliving.org","safe-care-lab-and-testing-llc-"
"KY","Louisville, KY metro","Bluegrass Specimen Collection","Louisville","100 mi","free","directory-only","yes","yes","no","2","11","1","assisted living","rcoen@bscky.com","phlebotomy-services-of-kentucky-llc"
"KY","KY (no ZIP)","Mercy Health - Paducah Lab Services","Paducah","","free","directory-only","no","no","yes","0","0","0","","(270) 444-4252","mercy-health-paducah-lab-services"
"KY","KY (no ZIP)","Mercy Health - Lourdes Lab Services","Paducah","","free","directory-only","no","no","yes","0","0","0","","(270) 444-2148","mercy-health-lourdes-lab-services"
"KY","KY (no ZIP)","Highlands ARH Lab","","","free","directory-only","no","no","no","0","0","0","","(606) 886-7775","highlands-arh-lab"
"KY","KY (no ZIP)","Owensboro Health Twin Lakes Medical Center Laboratory Services","","","free","directory-only","no","no","yes","0","0","0","","(270) 259-9496","owensboro-health-twin-lakes-medical-center-laboratory-services"
"KY","KY (no ZIP)","Hazard ARH Lab","","","free","directory-only","no","no","no","0","0","0","","(606) 439-6666","hazard-arh-lab"
"MO","MO (outside top metros)","Precision Mobile Labs LLC","Creve Coeur","50 mi","free","directory-only","yes","yes","no","0","0","0","","stephen@precisionmobilelaboratories.com","precision-mobile-labs-llc"
"MO","MO (outside top metros)","Precision Health & Diagnostic","Ferguson","25 mi","free","directory-only","yes","yes","no","0","0","0","facilities","precisionhealthdiagnostic@gmail.com","precision-health-diagnostic-"
"MO","MO (no ZIP)","Kansas City School of Phlebotomy","Kansas City","","free","directory-only","no","no","no","0","0","0","","(816) 974-8823","kansas-city-school-of-phlebotomy"
"MO","MO (no ZIP)","Smoothsticks Mobile Phlebotomy","Kansas City","","free","directory-only","no","no","no","0","0","0","","(816) 974-3408","smoothsticks-mobile-phlebotomy"
"MO","MO (outside top metros)","Jackson OneSource Solutions","Kewanee","25 mi","free","directory-only","yes","yes","no","1","0","0","facilities","djackson@jacksononesoure.org","jackson-onesource-solutions"
"MO","MO (no ZIP)","Massey Mobile Phlebotomy Service LLC.","Louis","","free","directory-only","no","no","no","0","0","0","","(314) 712-7166","massey-mobile-phlebotomy-service-llc"
"MO","MO (outside top metros)","Savvy Health LLC","O Fallon","25 mi","free","directory-only","yes","yes","no","0","0","0","","savvyhealthllcmain@gmail.com","savvy-health-llc"
"MO","MO (no ZIP)","Needles On The Go Mobile Phlebotomy","Raytown","","free","directory-only","no","no","no","0","0","0","","(816) 616-8060","needles-on-the-go-mobile-phlebotomy"
"MO","MO (outside top metros)","Integrity Fingerprinting and La Services LLC","Saint Louis","25 mi","free","directory-only","yes","yes","no","0","0","0","assisted living","Integrityfingerprintingandlabs@yahoo.com","integrity-fingerprinting-and-la-services-llc"
"MO","MO (outside top metros)","Memories on the hill","Saint Louis","25 mi","free","directory-only","yes","yes","no","0","0","0","","themadisons2426@gmail.com","memories-on-the-hill-"
"MO","MO (outside top metros)","Precision Health And Diagnostic","Saint Louis","25 mi","free","directory-only","yes","yes","no","0","0","0","facilities","precisionhealthdiagnostic@gmail.com","precision-health-and-diagnostic"
"MO","MO (outside top metros)","Monitored Life LLC","Saint Louis","25 mi","free","directory-only","yes","yes","no","0","0","0","","bgist@monitoredlife.com","monitored-life-llc"
"NJ","NJ (no ZIP)","Jayson Mobile Care Phlebotomist LLC","Belleville","","free","directory-only","no","no","no","0","0","0","","(973) 866-7453","jayson-mobile-care-phlebotomist-llc"
"NJ","New York City, NY metro","EverGreene Mobile Phlebotomy","Bergenfield","30 mi","free","directory-only","yes","yes","no","15","0","0","","egmphlebotomy@gmail.com","evergreene-mobile-phlebotomy"
"NJ","NJ (outside top metros)","Care First Labs LLC","Camden","25 mi","free","claim-verified","yes","yes","no","18","1","0","facilities","carefirstlabs@yahoo.com","care-first-labs-llc"
"NJ","NJ (no ZIP)","YanaPhleb","Clark","","free","directory-only","no","no","no","0","0","0","","(347) 777-2330","yanaphleb"
"NJ","New York City, NY metro","EyanDy Phlebotomy Services","East Brunswick","55 mi","free","NCA signed 2026-07-16","yes","yes","no","24","9","1","facility","info@eyandy.com","eyandy-phlebotomy-services-"
"NJ","NJ (no ZIP)","Mobile Lab Techs","Englewood","","free","directory-only","no","no","no","0","0","0","","(866) 242-3826","mobile-lab-techs"
"NJ","New York City, NY metro","Precision Mobile Lab Services LLC","Ewing","45 mi","free","directory-only","yes","yes","no","5","0","0","facility","precisionmobilelabservices@gmail.com","precision-mobile-lab-services-llc"
"NJ","New York City, NY metro","Veinova Diagnostics","Hackensack","25 mi","free","directory-only","yes","yes","no","7","0","0","facilities","veinovadx@gmail.com","veinova-diagnostics"
"NJ","NJ (no ZIP)","Mama Love's Mobile Phlebotomy & EKG Services LLC","Long Island","","free","directory-only","no","no","no","0","0","0","","(845) 683-5683","mama-love-s-mobile-phlebotomy-ekg-services-llc"
"NJ","New York City, NY metro","Integrity Lab Solutions","Maplewood","30 mi","free","directory-only","no","yes","no","17","1","0","assisted living","antwanette@integritylabsolutions.com","integrity-lab-solutions-"
"NJ","New York City, NY metro","UBERSTICKS MEDICAL LLC","Passaic","30 mi","free","claim-verified","yes","yes","no","13","1","0","facility","INFO@UBERSTICKSMEDICAL.COM","ubersticks-medical-llc"
"NJ","New York City, NY metro","Gentle Hand wellness","Paterson","25 mi","free","directory-only","yes","yes","no","12","1","1","","info@gentlehandwellness.com","gentle-hand-wellness-"
"NJ","New York City, NY metro","Moore Mobile Medical Services","Princeton","100 mi","free","directory-only","yes","yes","no","39","1","0","facilities","mooremobilemedical@gmail.com","moore-mobile-medical-services"
"NJ","NJ (no ZIP)","Angel’s Touch Mobile Phlebotomy Services","South Orange","","free","directory-only","no","no","no","0","0","0","","angelstouchmps@gmail.com","angel-s-touch-mobile-phlebotomy-services"
"NJ","NJ (no ZIP)","Gentle Hands Mobile Phlebotomy","Union","","free","directory-only","yes","no","no","0","0","0","","(862) 279-3418","gentle-hands-mobile-phlebotomy"
"NJ","NJ (no ZIP)","Advanced Mobile Phlebotomy Professionals","West Orange","","free","directory-only","no","no","no","0","0","0","","(973) 609-2639","advanced-mobile-phlebotomy-professionals"
"NJ","NJ (outside top metros)","Gentle touch mobile lab services","Willingboro","50 mi","free","directory-only","yes","yes","no","12","2","0","facility","Info@gentletouchmobilelabservices.com","gentle-touch-mobile-lab-services-"
"NJ","NJ (no ZIP)","Gentle Sticks Mobile Phlebotomy Services, LLC","","100 mi","free","directory-only","yes","no","no","0","0","0","","info@gentlesticksphlebotomy.com","gentle-sticks-mobile-phlebotomy-services-llc"
"NY","NY (no ZIP)","St. Peter's Laboratory","Albany","","free","directory-only","no","no","no","0","0","0","","(518) 525-1475","st-peter-s-laboratory"
"NY","NY (outside top metros)","Empress Toxicology and DNA services","Albany","25 mi","free","directory-only","yes","yes","no","2","0","0","","info@empresstoxanddna.com","empress-toxicology-and-dna-services"
"NY","NY (no ZIP)","Primitis Mobile Examiners LLC","Bronx","","free","directory-only","no","no","no","0","0","0","","(929) 522-8054","primitis-mobile-examiners-llc"
"NY","NY (no ZIP)","Sederick Mobile Med | Mobile Phlebotomy & At-Home Medical Services in New York","Bronx","","free","directory-only","no","no","no","0","0","0","","(914) 200-4452","sederick-mobile-med-mobile-phlebotomy-at-home-medi"
"NY","NY (no ZIP)","ALLIANCE Laboratories","Brooklyn","","free","directory-only","no","no","no","0","0","0","","(718) 851-5773","alliance-laboratories"
"NY","NY (no ZIP)","ArmHug","Brooklyn","","free","directory-only","no","no","no","0","0","0","","(925) 331-0029","armhug"
"NY","NY (no ZIP)","Apex Laboratory","Elmsford","","free","directory-only","no","no","no","0","0","0","","(631) 753-3900","apex-laboratory"
"NY","NY (no ZIP)","TOPLAB","Facebook","","free","directory-only","no","no","no","0","0","0","","info@toplabdirect.com","toplab"
"NY","New York City, NY metro","Dawn mobile phlebotomy","Far Rockaway","25 mi","free","directory-only","yes","yes","no","9","1","1","","dawnmobilephlebotomy@gmail.com","dawn-mobile-phlebotomy-"
"NY","NY (outside top metros)","Poke Stick & Go Mobile Labs LLC","Gloversville","25 mi","free","directory-only","no","yes","no","0","0","0","","pokestickngo@outlook.com","poke-stick-go-mobile-labs-llc"
"NY","NY (no ZIP)","Lite Touch Mobile Phlebotomy Services","Jamaica","","free","directory-only","no","no","no","0","0","0","","(347) 385-1719","lite-touch-mobile-phlebotomy-services"
"NY","NY (no ZIP)","Quest Diagnostics","Johnstown","","free","directory-only","no","no","yes","0","0","0","","(518) 736-4665","quest-diagnostics"
"NY","NY (no ZIP)","Vassar's Mobile Phlebotomy","Johnstown","","free","directory-only","no","no","no","0","0","0","","(518) 902-5940","vassar-s-mobile-phlebotomy"
"NY","New York City, NY metro","Optimal Paramedical Exams, LLC","Mamaroneck","100 mi","free","directory-only","yes","yes","no","19","3","0","","admin@optimalparamedicalexams.com","optimal-paramedical-exams-llc"
"NY","NY (outside top metros)","Freedom Mobile Lab & Health Services","Moriches","70 mi","free","onboarded","yes","yes","no","11","7","7","","FMLHSUSA@gmail.com","freedom-mobile-lab-health-services"
"NY","New York City, NY metro","CMB Group Consulting & Advisory Firm","New York","50 mi","CHARTER_MEMBER","claim-verified","yes","yes","no","28","8","0","","Info@cmbgroupny.com","cmb-group"
"NY","NY (no ZIP)","R&B Labs Mobile Phlebotomy Services","New York","","free","directory-only","no","no","no","0","0","0","","info@rbmobilelabs.com","r-b-labs-mobile-phlebotomy-services"
"NY","New York City, NY metro","Magnus Precision Solutions LLC","New York","50 mi","free","directory-only","yes","yes","no","5","1","1","","magpresol@mpsinfo.net","magnus-precision-solutions-llc"
"NY","New York City, NY metro","Dominguez Diagnostic Solutions, LLC","New York","25 mi","free","NCA signed 2026-09-16","yes","yes","no","11","7","2","facility","Daniellenicole1817@gmail.com","dominguez-diagnostic-solutions-llc-"
"NY","NY (no ZIP)","Speedy Sticks (25 Broad Saint )","New York","","free","directory-only","no","no","no","0","0","0","","(347) 292-9570","speedy-sticks-25-broad-saint"
"NY","NY (no ZIP)","Speedy Sticks","New York","","free","directory-only","no","no","no","0","0","0","","(347) 292-9570","speedy-sticks"
"NY","NY (no ZIP)","VeniStat Mobile Labs","New York","","free","directory-only","no","no","no","0","0","0","","info@venistatmobilelabs.com","venistat-mobile-labs"
"NY","New York City, NY metro","Butterflies & Rainbows Training LLC","Newburgh","50 mi","free","directory-only","yes","yes","no","15","6","0","","Support@bandrtraining.com","butterflies-rainbows-training-llc"
"NY","NY (outside top metros)","Complete Mobile Diagnostics LLC","Niagara Falls","50 mi","free","onboarded","yes","yes","no","0","0","0","assisted living","info@completemobilediagnostics.com","complete-mobile-diagnostics-llc"
"NY","NY (no ZIP)","UR Medicine Labs – Rochester (Culver Road)","Rochester","","free","directory-only","no","no","no","0","0","0","","(585) 758-0510","ur-medicine-labs-rochester-culver-road"
"NY","NY (outside top metros)","VenaCare Mobile Phlebotomy","Rochester","25 mi","free","directory-only","yes","yes","no","5","1","0","","KateShaw60@Gmail.com","venacare"
"NY","NY (no ZIP)","The New Millennium Training Center","Staten Island","","free","directory-only","no","no","no","0","0","0","","tnmtc@outlook.com","the-new-millennium-training-center"
"NY","NY (no ZIP)","Ovalle Mobile Medical, LLC","Syracuse","","free","directory-only","no","no","no","0","0","0","","(845) 390-0769","ovalle-mobile-medical-llc"
"NY","NY (no ZIP)","Outpatient Blood Drawing Lab","Syracuse","","free","directory-only","no","no","yes","0","0","0","","(315) 464-2545","outpatient-blood-drawing-lab"
"NY","NY (no ZIP)","Rosia B. Mobile Phlebotomy Services LLC","West Seneca","","free","directory-only","no","no","no","0","0","0","","(716) 939-1776","rosia-b-mobile-phlebotomy-services-llc"
"NY","New York City, NY metro","Alpha paramedical Examiner","Whitestone","25 mi","free","directory-only","no","yes","no","10","0","0","","ape@alphaparamedical.com","alpha-paramedical-examiner-"
"NY","NY (no ZIP)","Vita Mobile Care","","","free","directory-only","no","no","no","0","0","0","","(877) 231-6601","vita-mobile-care"
"NY","NY (no ZIP)","Small Gentle Hands, LLC","","","free","directory-only","no","no","no","0","0","0","","smallgentlehands@gmail.com","small-gentle-hands-llc"
"NY","NY (no ZIP)","Optum Lab Draw Station - Rhinebeck","","","free","directory-only","no","no","yes","0","0","0","route","","optum-lab-draw-station-rhinebeck"
"NY","NY (no ZIP)","WestMed Lab","","","free","directory-only","no","no","no","0","0","0","","wecare@summithealth.com","westmed-lab"
"NY","NY (no ZIP)","Northwell Health Labs at Plainview","","","free","directory-only","no","no","no","0","0","0","","(516) 858-4126","northwell-health-labs-at-plainview"
"NY","NY (no ZIP)","Sunrise Medical Laboratories","","","free","directory-only","no","no","no","0","0","0","","(631) 273-1806","sunrise-medical-laboratories"
"NY","NY (no ZIP)","Northwell Health Labs at 242 Mason Avenue","","","free","directory-only","no","no","no","0","0","0","","(718) 226-6120","northwell-health-labs-at-242-mason-avenue"
"NY","NY (no ZIP)","Optum Lab Draw Station - Fishkill - Merrit Blvd","","","free","directory-only","no","no","yes","0","0","0","","","optum-lab-draw-station-fishkill-merrit-blvd"
"NY","NY (no ZIP)","Elite Mobile Examiners","","","free","directory-only","no","no","no","0","0","0","","(516) 795-1245","elite-mobile-examiners"
"NY","NY (no ZIP)","Upstate Pathology Laboratory","","","free","directory-only","no","no","no","0","0","0","","(315) 464-1640","upstate-pathology-laboratory"
"NY","NY (no ZIP)","ACM Labs","","","free","directory-only","no","no","no","0","0","0","","(585) 247-3500","acm-labs"
"NY","NY (no ZIP)","Guthrie Lourdes Hospital Laboratory Services","","","free","directory-only","no","no","yes","0","0","0","","(607) 798-5216","guthrie-lourdes-hospital-laboratory-services"
"NY","NY (no ZIP)","Laboratory/Pathology Services","","","free","directory-only","no","no","no","0","0","0","","(914) 787-3276","laboratory-pathology-services"
"NY","NY (no ZIP)","Guthrie Big Flats Laboratory Services","","","free","directory-only","no","no","yes","0","0","0","","(607) 795-5100","guthrie-big-flats-laboratory-services"
"NY","NY (no ZIP)","St Peter's Laboratory - Hackett Blvd.","","","free","directory-only","no","no","no","0","0","0","","(518) 525-1475","st-peter-s-laboratory-hackett-blvd"
"NY","NY (no ZIP)","BIO-CARE SERVICES INC","","","free","directory-only","no","no","no","0","0","0","assisted living","(718) 313-0432","bio-care-services-inc"
"NY","NY (no ZIP)","RRH Labs","","","free","directory-only","no","no","no","0","0","0","","(585) 922-5227","rrh-labs"
"OH","Cleveland, OH metro","Rapid Reach Diagnostics LLC","Avon","25 mi","free","directory-only","yes","yes","no","1","1","0","assisted living","rapidreachdiagnostics@gmail.com","rapid-reach-diagnostics-llc"
"OH","Cleveland, OH metro","We’re Near The Vein Mobile Phlebotomist","Beachwood","","free","directory-only","no","no","no","0","0","0","","(216) 939-6768","we-re-near-the-vein-mobile-phlebotomist"
"OH","OH (no ZIP)","OhioHealth Laboratory Services - Marion Medical Campus","Central","","free","directory-only","no","no","yes","0","0","0","","(740) 383-7999","ohiohealth-laboratory-services-marion-medical-campus"
"OH","OH (no ZIP)","OhioHealth Laboratory Services - Shelby Hospital","Central","","free","directory-only","no","no","yes","0","0","0","","(419) 342-1727","ohiohealth-laboratory-services-shelby-hospital"
"OH","OH (no ZIP)","Guardian Labs Phlebotomy School","Cincinnati","","free","directory-only","no","no","no","0","0","0","","(513) 888-6471","guardian-labs-phlebotomy-school"
"OH","OH (no ZIP)","Katura Laboratory Mobile Phlebotomy Services","Cincinnati","","free","directory-only","no","no","no","0","0","0","","(833) 528-8721","katura-laboratory-mobile-phlebotomy-services"
"OH","OH (no ZIP)","Empress Mobile Phlebotomy Services LLC","Cincinnati","","free","directory-only","no","no","no","0","0","0","","(513) 512-2272","empress-mobile-phlebotomy-services-llc"
"OH","OH (no ZIP)","Surepoint Solutions","Cincinnati","","free","directory-only","no","no","no","0","0","0","","(513) 400-4005","surepoint-solutions"
"OH","OH (no ZIP)","QuickDraws Mobile Lab, LLC","Cincinnati","","free","directory-only","no","no","no","0","0","0","","info@quickdrawsllc.com","quickdraws-mobile-lab-llc"
"OH","OH (outside top metros)","Guardian Labs LLC","Cincinnati","25 mi","free","directory-only","no","yes","no","0","0","0","facilities","labs@guardian-labs.com","guardian-labs-llc"
"OH","OH (no ZIP)","One Vein Mobile Phlebotomy","Cleveland","","free","directory-only","no","no","no","0","0","0","","(234) 973-8454","one-vein-mobile-phlebotomy"
"OH","Cleveland, OH metro","Rapid Reach Diagnostics LLC","Cleveland","100 mi","free","claim-verified","yes","yes","no","2","0","0","","rapidreachdiagnostics@gmail.com","rapid-reach-diagnostics-llc-1"
"OH","OH (no ZIP)","Cleveland Reliable Draw","Cleveland","","free","directory-only","no","no","no","0","0","0","","(216) 855-0967","cleveland-reliable-draw"
"OH","OH (no ZIP)","Helping Hands Mobile Medical Service","Cleveland","","free","directory-only","no","no","no","0","0","0","","(216) 785-8549","helping-hands-mobile-medical-service"
"OH","OH (no ZIP)","TridentCare, formally known as MobileX USA","Columbus","","free","directory-only","no","no","no","0","0","0","","(614) 888-2226","tridentcare-formally-known-as-mobilex-usa"
"OH","Columbus, OH metro","TruBlood LLC","Columbus","30 mi","free","directory-only","yes","yes","no","3","0","0","","myinfo@trublood.org","trublood-llc"
"OH","Columbus, OH metro","Gentle Trace Mobile","Columbus","85 mi","free","directory-only","yes","yes","no","7","5","2","assisted living","bbristow@gentletracemobile.com","gentle-trace-mobile"
"OH","OH (no ZIP)","Venistat Mobile Phlebotomy LLC","Dayton","","free","directory-only","no","no","no","0","0","0","","(937) 307-9639","venistat-mobile-phlebotomy-llc"
"OH","OH (no ZIP)","Moody Mobile Lab Services LLC","Garfield Heights","","free","directory-only","no","no","no","0","0","0","","(216) 855-2658","moody-mobile-lab-services-llc"
"OH","OH (outside top metros)","Essential Life Diagnostics","Huber Heights","","free","directory-only","no","yes","no","0","0","0","","info@essentiallifediag.com","essential-life-diagnostics"
"OH","OH (outside top metros)","Mom and Me Mobile Lab LLC","Lima","25 mi","free","directory-only","yes","yes","no","0","1","0","","info@momandmemobilelabllc.com","mom-and-me-mobile-lab-llc"
"OH","Cleveland, OH metro","Concrete Rose Wellness","Northfield","25 mi","free","directory-only","yes","yes","no","1","0","0","","RM@CONCRETEROSEMGMT.COM","concrete-rose-wellness-"
"OH","Cleveland, OH metro","Phleb Lab LLC","Richmond Heights","50 mi","free","directory-only","yes","yes","no","1","0","0","","medicalprofessionals@phleblab.org","phleb-lab-llc"
"OH","OH (no ZIP)","Mercy Health - Salem Lab Services","Salem","","free","directory-only","no","no","yes","0","0","0","","(234) 567-8150","mercy-health-salem-lab-services"
"OH","OH (no ZIP)","Mercy Health - Westfield Lab Services","Toledo","","free","directory-only","no","no","yes","0","0","0","","(419) 407-3650","mercy-health-westfield-lab-services"
"OH","OH (outside top metros)","so vein phlebotomy services llc","Vandalia","25 mi","free","directory-only","yes","yes","no","1","0","0","","info@soveinphleb.com","so-vein-phlebotomy-services-llc"
"OH","Cleveland, OH metro","Gentle Hands Phlebotomy LLC","Youngstown","50 mi","free","directory-only","yes","yes","no","1","0","0","facilities","Info.gentlehandsphlebotomy@gmail.com","gentle-hands-phlebotomy-llc"
"OH","OH (no ZIP)","Collaborative Diagnostics, LLC","","","free","directory-only","no","no","no","0","0","0","","info@CollabDiagnostics.com","collaborative-diagnostics-llc"
