slug,date,note
direct-draw-services-llc,2026-08-03,Direct Draw Services LLC (Tiffany Attaway) - signed copy received
nurturing-needle-mobile-phlebotomy-,2026-08-08,Nurturing Needle Mobile Phlebotomy (La Kenda) - signed copy received
quantumlab-solutions-mobile-phlebotomy-services,2026-08-21,QuantumLab Innovative Solutions (Ebony, Inhomelab@quantummobilesolutions.org) - signed copy received; executed coverage NC SC GA CA AL MS WA + Portland OR; record fixed 9/28
mobile-labs-and-wellness,2026-08-29,Mobile Labs and Wellness LLC (Kyia Burks-Lankford) - signed copy received
sheppard-secured-services,2026-09-09,Sheppard Secured Services (Dawanna Sheppard) - signed copy received
bayford-mobile-medical-services,2026-09-09,Bayford Mobile Medical Services (Aoi Lipar) - signed copy received
eyandy-phlebotomy-services-,2026-07-16,EyanDy Phlebotomy Services (Eldris Abreu Mejia) - signed agreement received 7/16 evening
fdp-phlebotomy-llc,2026-08-26,FDP Phlebotomy LLC (Felicia Newman)
dominguez-diagnostic-solutions-llc-,2026-09-16,Danielle Maynard / Dominguez Diagnostic Solutions (NeuroAge draw) - confirmed same business, daniellenicole1817@gmail.com
